segment,screenTitle,context
RETAIL BANKING,Overview,"Provides a high-level snapshot of key retail banking metrics including churn, new accounts, and customer satisfaction. Focuses on primary drivers of customer behavior and service adoption trends, with emphasis on predicting future performance metrics."
RETAIL BANKING,Customer Acquisition and Retention,"Tracks the effectiveness of customer acquisition strategies and retention programs, including marketing ROI and customer acquisition costs. Monitors customer retention rates and analyzes the success of retention campaigns across different customer segments."
RETAIL BANKING,Account Activity Analysis,"Analyzes transaction patterns across different channels (mobile, ATM, branch). Shows the shift from traditional to digital banking channels and its impact on operational efficiency."
RETAIL BANKING,Customer Churn Prediction,"Identifies customers at risk of leaving and tracks the effectiveness of retention strategies. Analyzes patterns in customer behavior that indicate potential churn and measures the success of intervention strategies."
RETAIL BANKING,Account Opening Forecast,"Tracks and predicts new account opening trends across different account types. Analyzes the efficiency of the account opening process and measures the success of marketing campaigns in driving new accounts."
RETAIL BANKING,Service Usage Trends,"Monitors adoption rates of various banking services, particularly digital channels. Shows the shift in customer preferences from traditional to digital services and predicts future usage patterns."
RETAIL BANKING,Revenue and Profitability Analysis,"Tracks overall revenue growth and analyzes factors affecting profitability. Monitors operating expenses and efficiency measures while predicting future revenue trends."
RETAIL BANKING,Customer Satisfaction and Feedback,"Measures customer satisfaction levels and analyzes feedback across different service touchpoints. Tracks resolution times for customer issues and their impact on overall satisfaction scores."
RETAIL BANKING,Cross-Selling Opportunities,"Identifies and tracks opportunities for selling additional products to existing customers. Analyzes customer segments most likely to adopt new products and measures the success of cross-selling campaigns."
CREDIT CARDS,Overview,"Provides a comprehensive view of credit card business performance across consumer, business, and secured card segments. Tracks adoption rates, revenue growth, and overall portfolio performance."
CREDIT CARDS,Consumer Credit Cards,"Monitors consumer credit card usage patterns, rewards program engagement, and customer satisfaction metrics. Tracks spending patterns and analyzes the effectiveness of different card products and rewards structures."
CREDIT CARDS,Business Credit Cards,"Focuses on business credit card adoption rates and usage patterns across different business segments. Tracks employee card programs and expense management tool adoption while measuring transaction volumes."
CREDIT CARDS,Secured Credit Cards,"Monitors the performance of secured credit card products and tracks conversion rates to unsecured cards. Analyzes customer behavior and creditworthiness progression while measuring portfolio growth."
CREDIT CARDS,Card Services,"Tracks the performance of support services, fraud protection, and customer service metrics. Monitors resolution rates and the effectiveness of fraud prevention measures."
CREDIT CARDS,Credit Risk Analysis,"Analyzes credit risk across the card portfolio and tracks delinquency rates. Monitors the effectiveness of credit scoring models and risk management strategies."
CREDIT CARDS,Rewards Program Analysis,"Measures the performance and engagement rates of various reward programs. Tracks redemption patterns and analyzes the impact of rewards on customer loyalty and spending behavior."
CREDIT CARDS,Fraud Prevention and Detection,"Monitors fraud patterns and the effectiveness of detection systems. Tracks fraud losses and measures the success of prevention strategies."
CREDIT CARDS,Customer Engagement,"Analyzes how customers interact with card products and services across different touchpoints. Measures engagement scores and tracks the effectiveness of engagement initiatives."
CREDIT CARDS,Credit Card Lifecycle,"Tracks the customer journey from application through card usage to renewal. Analyzes upgrade patterns and measures the effectiveness of retention strategies."
CORPORATE AND COMMERCIAL BANKING,Overview,"Provides a high-level view of corporate banking activities including loan approval rates and business account growth. Tracks key performance indicators across commercial banking services and predicts future trends."
CORPORATE AND COMMERCIAL BANKING,Business Accounts,"Monitors business account activity patterns and growth across different business segments. Tracks account usage patterns and measures the success of business banking services."
CORPORATE AND COMMERCIAL BANKING,Commercial Loans and Financing,"Tracks loan portfolio performance and analyzes lending patterns across different business sectors. Monitors approval rates and measures the effectiveness of credit assessment processes."
CORPORATE AND COMMERCIAL BANKING,Cash Management Services,"Analyzes the usage and effectiveness of cash management solutions offered to business clients. Tracks transaction volumes and measures the adoption of digital cash management tools."
CORPORATE AND COMMERCIAL BANKING,Trade Services,"Monitors trade finance activities and tracks the performance of trade-related products and services. Analyzes international trade patterns and measures the effectiveness of trade finance solutions."
INVESTMENT BANKING,Overview,"Provides a comprehensive view of investment banking activities across M&A, ECM, and DCM. Tracks deal volumes and analyzes market trends while measuring overall performance metrics."
INVESTMENT BANKING,Mergers and Acquisitions (M&A),"Tracks M&A deal flow and measures success rates across different sectors. Analyzes deal values and monitors the effectiveness of deal execution strategies."
INVESTMENT BANKING,Equity Capital Markets (ECM),"Monitors IPO and follow-on offering activities. Tracks underwriting performance and measures market conditions for equity offerings."
INVESTMENT BANKING,Debt Capital Markets (DCM),"Tracks bond issuance and syndicated loan activities. Monitors market conditions and measures the success of debt offering strategies."
INVESTMENT BANKING,Underwriting Services,"Analyzes underwriting performance across different types of securities. Tracks fee revenue and measures the effectiveness of risk assessment in underwriting."
INVESTMENT BANKING,Strategic Advisory,"Monitors advisory services performance and tracks client engagement in strategic planning. Measures the success of advisory recommendations and client satisfaction."
INVESTMENT BANKING,M&A and Corporate Restructuring Analysis,"Tracks restructuring deals and measures their success rates across different industries. Analyzes turnaround strategies and monitors post-restructuring performance."
INVESTMENT BANKING,Capital Raising and Syndication,"Monitors capital raising activities and syndication deal flow. Tracks success rates of various funding strategies and measures market appetite for different types of offerings."
INVESTMENT BANKING,Private Equity and Venture Capital,"Analyzes PE and VC investment activities and tracks portfolio performance. Monitors deal flow in different stages of investment and measures returns across various sectors."
MARKETS AND SECURITIES SERVICES,Overview,"Provides a comprehensive view of trading volumes and market-making activities across all asset classes. Tracks revenue from trading activities and monitors market trends."
MARKETS AND SECURITIES SERVICES,Equities Trading,"Monitors equity trading volumes and analyzes market-making performance in stock markets. Tracks execution quality and measures trading profitability across different equity segments."
MARKETS AND SECURITIES SERVICES,Fixed Income Trading,"Tracks bond trading activities and analyzes performance across different fixed income products. Monitors market-making positions and measures trading revenues in government and corporate bonds."
MARKETS AND SECURITIES SERVICES,Commodities Trading,"Analyzes trading activities across different commodity classes and tracks market-making performance. Monitors risk positions and measures profitability in commodity trading."
MARKETS AND SECURITIES SERVICES,Derivatives and Structured Products,"Tracks trading volumes in derivatives and monitors structured product creation and sales. Analyzes risk metrics and measures performance across different derivative types."
MARKETS AND SECURITIES SERVICES,Prime Brokerage,"Monitors prime brokerage services and tracks client asset levels. Analyzes financing activities and measures service quality for hedge fund clients."
MARKETS AND SECURITIES SERVICES,Securities Lending and Custody,"Tracks securities lending activities and monitors custody service performance. Measures revenue from lending activities and analyzes custody asset growth."
MARKETS AND SECURITIES SERVICES,Risk Management in Trading,"Monitors trading risk metrics and tracks the effectiveness of risk management strategies. Analyzes market, credit, and operational risks in trading activities."
MARKETS AND SECURITIES SERVICES,Customer Satisfaction and Feedback,"Tracks client satisfaction with trading services and monitors service quality metrics. Analyzes feedback and measures improvement in service delivery."
TREASURY AND TRADE SOLUTIONS,Overview,"Provides a comprehensive view of treasury and trade solution services. Tracks global payment volumes and monitors liquidity management performance."
TREASURY AND TRADE SOLUTIONS,Liquidity Management,"Monitors corporate client liquidity positions and tracks cash management efficiency. Analyzes cash flow patterns and measures the effectiveness of liquidity optimization strategies."
TREASURY AND TRADE SOLUTIONS,Payments and Receivables,"Tracks payment processing volumes and monitors receivables management efficiency. Analyzes payment patterns and measures straight-through processing rates."
TREASURY AND TRADE SOLUTIONS,Commercial Cards,"Monitors corporate card usage and tracks expense management solutions. Analyzes spending patterns and measures program effectiveness."
TREASURY AND TRADE SOLUTIONS,Trade Services,"Tracks trade finance activities and monitors supply chain financing solutions. Analyzes international trade patterns and measures documentary trade volumes."
PRIVATE BANKING AND WEALTH MANAGEMENT,Overview,"Provides a comprehensive view of private banking activities and wealth management services. Tracks assets under management and monitors client relationship metrics."
PRIVATE BANKING AND WEALTH MANAGEMENT,High-Net-Worth Individual (HNWI) Services,"Monitors services provided to high-net-worth clients and tracks portfolio performance. Analyzes client needs and measures service delivery effectiveness."
PRIVATE BANKING AND WEALTH MANAGEMENT,Estate Planning and Trust Services,"Tracks estate planning activities and monitors trust service performance. Analyzes generational wealth transfer strategies and measures client satisfaction with trust services."
PRIVATE BANKING AND WEALTH MANAGEMENT,Family Office Services,"Monitors services provided to family offices and tracks multi-generational wealth management. Analyzes complex family wealth structures and measures service effectiveness."
PRIVATE BANKING AND WEALTH MANAGEMENT,Philanthropic Advisory,"Tracks philanthropic advisory services and monitors charitable giving strategies. Analyzes impact investing activities and measures social return metrics."
INSTITUTIONAL CLIENTS GROUP (ICG),Overview,"Provides a comprehensive view of institutional client services and activities. Tracks revenue across different institutional segments and monitors relationship metrics."
INSTITUTIONAL CLIENTS GROUP (ICG),Services for Governments and Public Sector,"Monitors services provided to government and public sector entities. Tracks public sector financing activities and measures relationship strength with government clients."
INSTITUTIONAL CLIENTS GROUP (ICG),Financial Institutions,"Tracks services provided to banks and other financial institutions. Analyzes correspondent banking activities and measures institutional relationship metrics."
INSTITUTIONAL CLIENTS GROUP (ICG),Multinational Corporations,"Monitors services provided to multinational corporate clients. Tracks cross-border transaction volumes and measures global relationship metrics."
INSTITUTIONAL CLIENTS GROUP (ICG),Cross-Border Financing and Cash Management,"Tracks international financing activities and monitors global cash management solutions. Analyzes cross-border payment flows and measures service efficiency."
INSTITUTIONAL CLIENTS GROUP (ICG),Sovereign Wealth Management,"Monitors services provided to sovereign wealth funds and government investment entities. Tracks sovereign investment activities and measures portfolio performance."
INSTITUTIONAL CLIENTS GROUP (ICG),Infrastructure Project Financing,"Tracks infrastructure financing activities and monitors project finance performance. Analyzes project risks and measures completion rates."
INSTITUTIONAL CLIENTS GROUP (ICG),Global Correspondent Banking,"Monitors correspondent banking relationships and tracks cross-border payment flows. Analyzes network coverage and measures service quality metrics."
INSTITUTIONAL CLIENTS GROUP (ICG),Risk and Compliance,"Tracks regulatory compliance metrics and monitors risk management effectiveness. Analyzes risk positions and measures compliance program performance."
INSTITUTIONAL CLIENTS GROUP (ICG),Digital Transformation,"Monitors digital service adoption and tracks technology implementation progress. Analyzes digital channel usage and measures transformation effectiveness."
INSTITUTIONAL CLIENTS GROUP (ICG),Sustainable Finance and ESG,"Tracks sustainable finance activities and monitors ESG metrics. Analyzes green financing initiatives and measures environmental impact."
INSTITUTIONAL CLIENTS GROUP (ICG),Client Profitability and Engagement,"Monitors client profitability metrics and tracks relationship depth. Analyzes engagement levels and measures wallet share across services."